index,id,date,lat,lon,elevation,heading_deg,pitch_deg,roll_deg,route_dist_m,road_bearing_deg
0,R1V_xbFQcAraYB0SizjoKg,2022-10,45.98168945707192,8.87853264565329,303.3835144042969,310.3415222167969,-2.1758270263671875,357.9071044921875,0.0,321.3
1,IN1sUr4j3uz9v1itgBUFnw,2022-10,45.98163485981302,8.878641275702789,303.3550109863281,296.5682373046875,-2.2304763793945312,357.4036254882812,0.0,321.3
2,Nw0wzRAwBtV7J2vOODEW9w,2022-10,45.98157478970437,8.878566820905137,302.8692016601562,226.371826171875,0.7941436767578125,358.2670593261719,0.0,321.3
3,FatLQx5eVlo_WOMd76rS3Q,2022-10,45.9817520286945,8.878432515225219,303.7112731933594,311.9881286621094,-2.3069686889648438,358.8393249511719,7.7,321.3
4,wFPrl4a0ckGoo-VyUnZdpQ,2022-10,45.98181532172617,8.878332520449765,304.05517578125,312.2001953125,-2.23651123046875,359.2163391113281,17.7,312.2
5,g4aYrWKCWLH1osvGcky74Q,2022-10,45.98187793062664,8.878232849543167,304.39404296875,311.9830932617188,-2.3027191162109375,359.8637084960938,28.1,313.0
6,B0aw3C8GMFfFeB1kEjv_Cw,2022-10,45.98193876301151,8.878133430008102,304.73876953125,310.57177734375,-2.530120849609375,0.05337083712220192,38.1,308.1
7,-yw5XC5qswUzo7gXWu1kMQ,2022-10,45.98199559994922,8.87803455446212,305.1248474121094,308.3153076171875,-2.4850997924804688,1.338640570640564,48.0,308.1
8,FV6kEpBjSHy-YMOJg7Eveg,2022-10,45.98204785662866,8.877934336681266,305.5311889648438,305.5607604980469,-2.6883926391601562,1.976270794868469,57.5,305.1
9,u-aX4645_W9nis74V86ijg,2022-10,45.98209575370144,8.877834638801557,305.9832153320312,303.9924011230469,-3.3237228393554688,2.050776243209839,66.9,305.1
10,8ZkOkK8xMedV35ZDln-3VQ,2022-10,45.98214772077741,8.87773531645906,306.5577697753906,311.8924865722656,-3.7316818237304688,2.032640933990479,76.6,308.9
11,sTOdjI8cYlB4ulDi2FDGBA,2022-10,45.98221627585399,8.877656061845679,307.1953125,329.8259582519531,-4.62835693359375,2.395952224731445,87.5,334.2
12,qDmKeAIgcwIz6RMfibsGJg,2022-10,45.98229922631096,8.877612775824863,308.0151672363281,347.7392883300781,-5.6198883056640625,0.4048664569854736,97.9,348.7
13,YlRwTiiRfJE7HucHgBvFGA,2022-10,45.98238790516936,8.877590825140633,308.9197387695312,350.86669921875,-5.7607269287109375,358.3356323242188,108.0,352.3
14,aB5NIgdXb127OQcOMdiAog,2022-10,45.98247674290741,8.877561213501835,309.8069152832031,342.98681640625006,-5.6037750244140625,357.3362426757812,117.9,344.8
15,YGDEuQsX5eTmADuwUWyCSg,2022-10,45.98256492986304,8.87751086691258,310.67724609375,335.9018859863281,-5.4511566162109375,357.1021118164062,128.1,335.0
16,TOhhtg3749KqhPyzoC-vKQ,2022-10,45.98265117231333,8.877453546634161,311.5107421875,335.13366699218756,-5.540802001953125,357.2400207519531,138.6,335.0
17,1xyHfwoYlwPW3k88hs3G3Q,2022-10,45.98273454542635,8.877398287873131,312.3702392578125,335.9008483886719,-5.5445709228515625,357.4522399902344,148.8,335.0
18,a6_SwSPyRBYlcveEA2llFA,2022-10,45.98281687931429,8.877347904108102,313.2398071289062,338.04833984375,-5.426116943359375,357.7771606445312,158.8,339.1
19,qVmdqYmDt6nnBohsrUKC4Q,2022-10,45.9829013834144,8.877301605382245,314.1180419921875,340.1851806640625,-5.5616302490234375,358.0241394042969,168.8,339.1
20,FZK_W5VIhAhWucqwaC91bQ,2022-10,45.98298563805242,8.877259442315646,314.954833984375,341.5823059082031,-4.960685729980469,358.064697265625,178.7,340.9
21,Am5qItmb8e0_74uXfP7c9Q,2022-10,45.98306743476816,8.87722063499428,315.7471008300781,341.88525390625,-4.7653656005859375,357.7515869140625,188.3,340.9
22,FEUxnfoHnySD-IbHrGdm3w,2022-10,45.98314798629584,8.877180900316429,316.4235229492188,339.6483459472656,-3.888175964355469,358.1430053710938,197.4,333.3
23,rgAk-HMVi6SGg4VOPlexug,2022-10,45.98322298078032,8.877127952364694,316.9356079101562,325.9299621582031,-2.6242523193359375,358.7047729492188,206.3,327.0
24,z21mi6Huqy1wWfrpV6ds6A,2022-10,45.98327075430583,8.877033591824876,317.3034973144531,287.9197387695312,-2.8062286376953125,358.202392578125,213.7,283.4
25,9OEmG5yb8DFpqfkg2Oo8xw,2022-10,45.98325289669267,8.87691441457335,317.7369079589844,232.093017578125,-3.5896835327148438,358.9583435058594,222.0,240.2
26,Q-FrMZptK2YAK7mpPBSEdg,2022-10,45.98316936774299,8.876878803994549,318.1991882324219,168.9904174804688,-2.5976638793945312,359.1887817382812,230.8,173.3
27,iO8njvDfaiKXfHs_aNNdLw,2022-10,45.98309127807135,8.876950778178335,318.6590576171875,138.9248962402344,-3.8788528442382812,358.3514099121094,241.3,131.6
28,O5GcEvHbwy3G8NqHq1G2Yw,2022-10,45.98301930471567,8.877032553554221,319.2610473632812,145.0009002685547,-4.212821960449219,359.9049072265625,251.6,143.8
29,r6QZu84bHlE_J8cjVNfoqQ,2022-10,45.98293424722268,8.877098135478482,320.0228576660156,157.4548645019531,-5.345054626464844,0.9175182580947876,262.6,159.3
30,qfUTJqinzDJFPQA5p_GX-w,2022-10,45.98284364270927,8.877139120911847,320.8850708007812,165.6834411621094,-5.1003570556640625,1.408807516098022,273.3,168.3
31,EMx8XJ54VZd4Qzr4nZgvGQ,2022-10,45.98275659826034,8.877167322087223,321.6719055175781,167.8579406738281,-4.851356506347656,1.748656511306763,283.2,168.3
32,uKKhNplIJG8suuo_fUT3Jg,2022-10,45.98267215912685,8.877189344204773,322.4420776367188,172.1454315185547,-4.6109771728515625,1.391673445701599,292.7,168.3
33,dVnMtmT9GLXoo2jOevOVJw,2022-10,45.98258726249269,8.877192843695907,323.2566833496094,185.0482482910156,-5.046424865722656,0.8233547806739808,302.5,188.8
34,Yewnpf5P1Zmu6YJtxY3AEg,2022-10,45.98250098358569,8.877162469499803,324.1170959472656,200.3932189941406,-5.633506774902345,359.8683471679688,312.7,203.9
35,EdSK6tlzJnX166q31miyrQ,2022-10,45.98241963819885,8.877112030481612,324.9671630859375,205.54324340820312,-5.7573699951171875,358.2396240234375,322.5,203.9
36,uRVsUsXUrDvf3SIzAIYZ-Q,2022-10,45.98233867438998,8.877060455791822,325.884033203125,200.7013854980469,-5.254592895507813,357.2825622558594,332.2,203.6
37,QK7EiY0z2-0i0gUeu6AXxQ,2022-10,45.9822507065948,8.877034843807406,326.6237182617188,183.3063812255859,-4.578361511230469,357.3613586425781,341.9,182.7
38,rrSgGOcsu4wAfyY09Jac6Q,2022-10,45.98216035980818,8.877047219079813,327.3496704101562,169.6086883544922,-4.625068664550781,357.3665771484375,351.8,167.6
39,5Bcu3NnfMy7yExvn1l1Eug,2022-10,45.98207256525954,8.877072853883233,328.1207580566406,167.5359191894531,-4.816680908203125,359.8580627441406,361.7,166.7
40,B8tADYvQnB3LV0TeEetQ0g,2022-10,45.98198874528003,8.877100089391917,328.9550476074219,166.77392578125,-5.155158996582031,0.676331639289856,371.2,166.7
41,W2uemA0TOr54OE8x-M6LHg,2022-10,45.98187089028364,8.8771169557944,330.1314392089844,191.2560424804688,-6.186317443847657,1.658977866172791,384.8,180.0
42,7PwHG2wu2dcc_15YWaQyYw,2022-10,45.98181182016343,8.877039052676212,331.118896484375,250.7009582519531,-7.262451171875,3.938923120498657,398.1,253.1
43,U_6Zu18HVPXA5LkvnQ-txA,2022-10,45.98183907430308,8.87692151816305,332.2273254394531,318.51611328125,-8.6287841796875,2.897974729537964,413.7,331.4
44,IGTeNdakbfpLvsOtlpefBw,2022-10,45.98192935681553,8.876880881974774,333.3786010742188,354.5383911132812,-5.601715087890625,2.527480125427246,425.6,356.3
45,hy5ypBGSgF0RgxqIc_8aPw,2022-10,45.98202652912529,8.87687108814258,334.1725158691406,356.0356140136719,-4.9976348876953125,1.812949419021606,436.4,356.1
46,jglX18WgqqXDZm5IqAJsYQ,2022-10,45.98212154733339,8.876861696761763,334.9504089355469,356.3265075683594,-4.8131256103515625,1.623956918716431,446.9,356.1
47,kJWnIJrnEcsXexIgQfK14w,2022-10,45.98221675961936,8.876852634871597,335.7138366699219,355.8068237304688,-4.947357177734376,1.821452736854553,457.5,356.1
48,kAiHm1fcGZpR4x_4GZ_cLA,2022-10,45.98230942369891,8.876841521253148,336.3915710449219,355.0904235839844,-4.327186584472656,0.7233424782752991,467.7,356.1
49,d6lEhyVc2vquK2jZXfGndg,2022-10,45.98239914810331,8.876828681821259,337.0756225585938,354.1896057128906,-4.656341552734375,359.264404296875,477.7,354.9
50,tN_DhUMVLeypkDXvkcRiAg,2022-10,45.98248814860597,8.876812926351198,337.8151550292969,352.1450805664062,-4.639259338378906,358.7481079101562,487.5,351.5
51,bjrbIw6lIjMf48WOO5jCXg,2022-10,45.98257629014959,8.876790357441553,338.5113830566406,348.1737976074219,-4.450164794921875,358.01300048828125,497.3,348.7
52,booC5VqSeoACEzcYthFO8Q,2022-10,45.98266340719427,8.876756530201774,339.1966552734375,342.3331298828125,-4.317718505859375,356.8102111816406,507.0,339.4
53,64mC-E_xQMq6oCKAg6uoog,2022-10,45.98274690033261,8.87670910800439,339.8798828125,334.601318359375,-4.594139099121094,356.35693359375,516.8,336.0
54,8rsWukTNJEsiUht9skWKNQ,2022-10,45.9828219758499,8.8766429167032,341.3625793457031,325.1056213378906,-4.908638000488281,356.8042602539062,526.3,325.7
55,H9e8uCx5WuWd9XgSJDiOyg,2022-10,45.9828876558345,8.876562043803537,342.2512512207031,314.3172607421875,-5.516914367675781,356.9804077148438,535.5,314.8
56,pXrTpIsyxuA6PEn2Lx_utA,2022-10,45.98295972955657,8.876409561727522,343.5605773925781,293.8485107421875,-5.196571350097656,356.6638488769531,549.2,295.0
57,oG5atDSXA7i2KaEiVihYPA,2022-10,45.98298281262674,8.876224465092818,344.738037109375,268.1882019042969,-5.0148773193359375,357.82177734375,563.0,265.1
58,hT0fX4w7ygQZD8IHgFdjaA,2022-10,45.98296899629838,8.876095705899242,345.4515686035156,256.5498962402344,-4.028472900390626,0.6655601859092712,572.8,256.6
59,FmLBYwhaLEg4ZJ8aGTvAlA,2022-10,45.98294778097337,8.87596795205777,346.16015625,258.7393493652344,-4.32379150390625,0.9037672281265258,583.0,256.4
60,WZa2u0Sb0hvL7z9_rvvRgg,2022-10,45.98293699351058,8.875837898953364,346.873779296875,266.8804626464844,-4.656883239746094,1.192164778709412,593.4,264.9
61,ip59XdIoRz9eOsyXuBqSJQ,2022-10,45.98293701802231,8.87570719064776,347.5946960449219,271.6970520019531,-4.8410797119140625,1.701874494552612,603.8,271.9
62,H7SoFFgjBNc4p_WHsrP_VQ,2022-10,45.98293985300921,8.875577988540927,348.3693542480469,272.04248046875,-4.871192932128906,1.6768685579299931,613.8,271.9
63,Ch7whVBYZXlrAOUuhO3ZTw,2022-10,45.98294289172104,8.875449926254541,349.1296691894531,272.1194458007812,-4.771949768066406,1.378135204315186,623.7,271.9
64,c4uyWPOGlrbz98VHk3uYmw,2022-10,45.98294724023016,8.875322901150223,349.8455200195312,273.8773193359375,-4.625770568847656,0.7834920287132263,633.5,272.5
65,dLD3PpdKEc2Wh6cxB13ubQ,2022-10,45.98295296268438,8.875198905623856,350.5940246582031,273.771728515625,-4.6683197021484375,0.7678269743919373,643.1,272.5
66,NVV8juDlw64DTnC6M8msiQ,2022-10,45.98295878010435,8.875075567609764,351.3607177734375,275.3220520019531,-4.712257385253906,0.3410798311233521,652.8,274.0
67,eUVtKi9S3wj6oXUZMpG0qA,2022-10,45.98297495343995,8.874951790102676,351.4573974609375,283.2960205078125,-4.5421142578125,1.033663630485535,663.1,285.4
68,WDGn1yMN6kLFeUvfC5ib9A,2022-10,45.98300335436292,8.874827978533073,352.1537780761719,292.5012817382812,-4.83776092529297,0.3202190399169922,673.6,295.1
69,SBfIofH1b10_n-V6Uc_-mg,2022-10,45.98304140152631,8.874710946638181,352.904541015625,297.3352661132812,-4.973411560058594,359.9065551757812,683.6,295.1
70,Cd5sLpsyaY4rcaj0ifOlUw,2022-10,45.98308277632496,8.874596299306488,353.660888671875,297.4114685058594,-4.340873718261719,0.5537933707237244,693.7,299.2
71,wC8SxExysLc02sTuVhioSg,2022-10,45.98312629806627,8.874483219307507,354.3114624023438,301.4401550292969,-3.936714172363281,0.01180013548582792,703.7,299.2
72,KREJSr94nFSYeobPH9cTug,2022-10,45.98317594449893,8.874374204630692,355.6508178710938,308.0514526367188,-3.989669799804688,0.2895165085792542,714.0,305.2
73,2rDEEvwIInw1aJCRofKC8Q,2022-10,45.98323609709502,8.874276899883531,356.3172302246094,314.2583618164062,-4.7506103515625,0.01302321162074804,724.5,314.6
74,L9GYUYt-DHt_pbO1MIkCoA,2022-10,45.98330005307326,8.874185265944138,356.9884643554688,315.5139770507812,-3.728302001953125,358.6124267578125,734.5,314.6
75,MhoDXDcDucPI8jifpnaHGw,2022-10,45.98336192393048,8.874089394199418,357.5838623046875,310.4996948242188,-3.6285324096679688,357.8154602050781,744.4,308.4
76,phvhQs4Q7k0Krjv84WKB1Q,2022-10,45.98341718066299,8.873986345514357,358.1150207519531,305.9573364257812,-3.3946151733398438,357.8531188964844,754.4,308.4
77,5Sv3cB22RyFtsqzpACsMWQ,2022-10,45.98346811274513,8.873879614516738,358.6388549804688,303.8061828613281,-3.9267807006835938,357.4183044433594,764.2,304.0
78,5wWlbTdEc1rHcIWJFMTeSg,2022-10,45.98351675113827,8.87377225641985,359.2227478027344,303.10546875,-3.4494171142578125,356.2515869140625,774.1,302.4
79,Y97wy0inTF8kxZb1epvMag,2022-10,45.98356466118662,8.87366484996875,359.8162536621094,302.68505859375,-3.6948165893554688,355.6673889160156,783.9,302.4
80,Vu4r9ufWEGB1TmUv34FJiw,2022-10,45.98361084969358,8.873555112520426,360.4275817871094,298.6228942871094,-4.1831817626953125,356.8652648925781,793.7,298.2
81,xb6knaIb4REgaBo-rjBM0g,2022-10,45.98364576882992,8.873435937117351,361.0933532714844,286.8177490234375,-4.8408050537109375,358.5699157714844,803.4,290.6
82,YVLPl4eQY8Fh19-jzX_VNg,2022-10,45.98366107329311,8.873309199267375,361.8024597167969,275.6783447265625,-4.274635314941406,358.0902099609375,812.8,274.2
83,BWBHB35JLvwYfqQ0wYe2_w,2022-10,45.98366530948348,8.873185458622176,362.4964599609375,271.88134765625,-4.312675476074219,358.02642822265625,822.3,270.3
84,U7IuU3-NswS_-JoElpn25g,2022-10,45.9836669004862,8.873064657220063,363.22119140625,270.9364929199219,-4.6040191650390625,358.0620727539062,831.7,270.3
85,4h1FBQrdrp6XJzjXKgDiuQ,2022-10,45.98366773938351,8.872943172878635,363.9496459960938,270.5797729492188,-4.737152099609375,358.0605163574219,841.0,270.3
86,zK9m1uoOn8lgPBpdaGmeew,2022-10,45.98366941257476,8.872761255808578,365.0787658691406,269.9208374023438,-4.575462341308594,359.0513610839844,855.0,267.6
87,L6zwmPvtn0WjOJ1AlVATPA,2022-10,45.98365291196934,8.872579578907542,366.1053771972656,254.29821777343753,-4.327095031738281,358.6003723144531,868.8,255.3
88,LCMx439b8gXtYnt2h2g9zQ,2022-10,45.98361951531319,8.872450269719616,366.1070251464844,243.3382263183594,-4.748756408691406,358.2668762207031,879.2,248.3
89,C4OvdfxUzE4uNtkXobwPOQ,2022-10,45.98357654985168,8.872330074675615,366.8491821289062,243.01806640625,-4.518791198730469,359.9042358398438,889.5,243.7
90,798cxyrgx_ZVgK9wLwK9fA,2022-10,45.98353903828653,8.872215976734218,367.5946655273438,248.4199523925781,-5.056892395019531,0.932476282119751,899.4,249.1
91,gUASh8SrTYnwAROxmP7LCg,2022-10,45.98352288068791,8.872092771536213,368.40185546875,269.2071228027344,-5.297630310058594,2.343756198883057,909.8,265.6
92,jJHETFlWKXTDPald9E5mNg,2022-10,45.98354730337926,8.871969243846868,369.2577209472656,298.987060546875,-5.4503631591796875,3.99567174911499,921.7,301.6
93,6u0EwSy3Hdr4tRrfRqwB2Q,2022-10,45.98360194830396,8.87186932132093,370.5281372070312,314.1218872070312,-5.82830810546875,2.468715906143188,931.9,310.8
94,-OdXcrNjewyETjxp_etomQ,2022-10,45.9836649648716,8.8717709378761,371.1161193847656,309.28817749023443,-5.8456878662109375,1.195222496986389,942.2,310.8
95,KIva2AoYvoz0z0EfAdVC0g,2022-10,45.98371622171828,8.871663770931965,372.0233764648438,300.6039123535156,-5.217308044433594,359.00262451171886,951.7,310.8
96,i9-cPGO0ox4ra1CFAWlAIA,2022-10,45.98375246599939,8.8715444737088,372.8323364257812,288.52789306640625,-5.121070861816406,358.2708435058594,961.7,290.8
97,r4Uy0XTjxrxGRhLPIbORug,2022-10,45.98377264810657,8.871418993987692,373.6442260742188,279.1552429199219,-5.6029052734375,359.4298706054688,971.3,279.4
98,IAhc_vfHzrc_-12bn0WwUA,2022-10,45.98378446560041,8.87129000526279,374.5945739746094,277.1391906738281,-5.443389892578125,1.181139588356018,981.4,279.4
99,0vkuIf02T5TSyxm6Ztx0Wg,2022-10,45.9838011593278,8.871163257030869,375.4324340820312,283.7910766601562,-4.1909942626953125,3.4523644447326665,991.3,279.4
100,3i_cQ0FNp4t_C4wTaqmgHw,2022-10,45.98382940274761,8.871040475018054,376.1640319824219,292.3505554199219,-4.83642578125,2.911532640457153,1001.8,291.7
101,fuVKVj7SVOm_T1wxU_FldQ,2022-10,45.98373545573715,8.870851200084095,379.8146667480469,138.5006561279297,-2.2585601806640625,356.8388061523438,1009.0,302.5
102,Fqwgeb4FR5GQDysUpJIwaQ,2022-10,45.98386945404232,8.87092398091223,376.9480590820312,299.4657897949219,-4.9706268310546875,3.143951177597046,1012.2,302.5
103,jDuSENHJDibTHRoaQuuw3Q,2022-10,45.98379973495351,8.870764775187748,379.4610900878906,134.2211303710938,-2.2704544067382812,357.2535705566406,1018.5,302.5
104,h0q46P4nKYdGm2AQB_BEJw,2022-10,45.983917096478,8.870814340143939,377.7259826660156,303.3199768066406,-4.673301696777344,3.664025068283081,1022.2,302.5
105,l99iQVGprhpvZXYnFsGubw,2022-10,45.98385992268507,8.870666045539469,379.1713562011719,130.2970581054688,-1.4115982055664062,358.3189697265625,1028.5,302.5
106,h5FbC9zqtTi-auCGfKJNXA,2022-10,45.98396522463467,8.870708795501109,378.49462890625,303.4267578125,-5.171142578125,2.990374088287354,1032.0,302.5
107,Fx52NKtVbhyYJLQqm0nEuA,2022-10,45.98401321301574,8.870604103583945,379.2892150878906,303.8695983886719,-5.19970703125,1.732493162155151,1041.7,303.6
108,8EJ6P5gqA8bAF6prBSCJbQ,2022-10,45.98406238250929,8.87049834608984,379.9621887207031,303.6068115234375,-3.0638656616210938,1.231486916542053,1051.5,303.6
109,UlEXksJADqN_DTPDj6BGLQ,2022-10,45.98411040129057,8.870394201354426,380.3374938964844,303.8603515625,-1.982421875,1.207617282867432,1061.2,303.6
110,xX4VyrnTwdcY5ZVuWG86cg,2022-10,45.98416214260259,8.870293012071116,380.5507202148438,309.1626586914062,-1.0122299194335938,1.7384051084518433,1070.8,303.6
111,IZcHG7Yp6TrAkJYK9ui8nw,2022-10,45.98422580403707,8.870199489933421,380.6126708984375,317.6504516601562,0.0592193603515625,2.781640529632568,1081.7,320.1
112,PsxyH04kLf9p-WtL7cxWlg,2022-10,45.98423316386867,8.870044098354105,380.9682922363281,70.05217742919922,-0.522796630859375,359.7969360351562,1089.7,323.7
113,OSTxPNlSguNd1g7s_z2zWQ,2022-10,45.9842952413287,8.870120142813123,380.4645385742188,324.0875549316406,1.100090026855469,3.473285913467407,1091.8,323.7
114,RA6YfjwVlWHgfnZ5xVFRQA,2022-10,45.98422796067258,8.869910871097943,381.0821228027344,103.4344100952148,1.0222625732421875,0.06436435878276825,1094.0,328.9
115,DKP21IMlbu8fMP_2Upu7Ng,2022-10,45.98437831843111,8.870044248397509,380.4021301269531,334.631591796875,-0.611419677734375,2.512654542922974,1102.9,328.9
116,dfR64u9Lf4VCfdWfCDqv8w,2014-07,45.98473913955465,8.869780590219177,382.0516662597656,157.0504150390625,3.3521804809570312,359.3963317871094,1148.0,335.0
117,i5ivGHdm4jfrJAXyugQoXg,2013-09,45.98474250320714,8.869775006696162,382.0320129394531,157.47265625000003,3.4417724609375,359.3085327148438,1148.5,335.0
118,ZzSupAfK_3XRTrvQ1_-w3w,2022-10,45.98475902113964,8.86980069465327,382.0638122558594,336.9588623046875,-3.8621215820312504,0.4369050860404968,1149.3,335.0
119,4z-AH_DZGrKIjggoL_37mQ,2022-10,45.9848414060596,8.869750580465212,382.672119140625,336.9778442382812,-3.9055252075195317,0.5320678949356079,1159.2,335.0
120,mzt4JvcpgJpqkScU0WAq0w,2022-10,45.98492388664677,8.869699240818225,383.2959289550781,336.48095703125,-3.9006500244140625,0.7687816619873047,1169.2,335.0
121,8cDahYkfJNW0FP0PByjkVw,2022-10,45.98500564587,8.869647765287079,383.9236450195312,336.2307434082031,-4.0141448974609375,1.010252237319946,1179.2,336.7
122,wDdnjE_YzjFyRV1-rK7abw,2022-10,45.98502712082401,8.869632418105489,384.0989379882812,336.5344848632812,-3.888900756835938,0.9241989850997925,1181.8,336.7
123,2oFOnaxEzSp2L6S73RX-Qw,2022-10,45.98508701053764,8.86959571804122,384.5458068847656,336.0336608886719,-3.9068145751953125,0.820499837398529,1189.0,336.7
124,3BckAWy-oM4SZZqftZ65DA,2022-10,45.98516737801394,8.86954425562113,385.1548461914062,335.9167785644531,-3.6577224731445312,1.073204517364502,1198.9,339.1
125,22rnvNl102ryteamWiIW6Q,2022-10,45.98524829364045,8.869492336587744,385.7645263671875,336.0633850097656,-3.9120941162109375,0.269885927438736,1208.7,339.1
126,mM_w5N0QVdfNylgdjOhMDg,2022-10,45.98533031550266,8.869440314514978,386.3745727539062,336.1713562011719,-3.8191070556640625,0.6640578508377075,1218.5,338.0
127,dmyh2MJ6aT68iNPl6bPTjQ,2022-10,45.98541290921689,8.8693884707637,386.9810485839844,336.767333984375,-3.882415771484375,1.409522891044617,1228.5,338.0
128,eZ1TMU4VfbCznLq2Vny5BA,2022-10,45.98535781506369,8.869186230213435,391.6478271484375,23.85511016845703,3.5017776489257812,359.1305847167969,1228.7,338.0
129,40Q9h2RTxzKcehIBvaUXCw,2022-10,45.98544206845251,8.869224822373267,390.9939270019531,13.39971160888672,3.6951065063476562,359.7273559570312,1236.2,338.0
130,RfgiBqg8IoFslRm0eWKmKg,2022-10,45.98548536008459,8.86930710240006,387.7042236328125,160.2519836425781,3.5208816528320312,357.4556579589844,1238.3,338.0
131,M0EKho36o--UE2l1R81q8g,2022-10,45.98552841213138,8.869227221515045,390.4884643554688,348.4550170898438,2.0418930053710938,2.77867865562439,1244.4,344.3
132,2indaLw5Q6jE-QEXXNajYw,2022-10,45.98558861838406,8.869294433320007,388.2705078125,342.2471313476562,-3.828567504882813,1.9626731872558587,1249.4,344.3
133,C6fJRdVoz0-yZDgMStvDOQ,2022-10,45.98561426192333,8.869181503831062,390.1708374023438,336.01123046875,1.7865524291992188,1.404441118240356,1254.5,344.3
134,iFE30492VnBlRYyYwYn95Q,2013-09,45.98561723661914,8.869180908709579,390.1577758789062,338.4092712402344,1.7750701904296875,0.7170857191085815,1254.9,344.3
135,h_BqAutAWDcLrJNCZoPXWw,2022-10,45.98694406893284,8.869418367888919,396.8016357421875,358.9102783203125,-4.1146087646484375,0.24914364516735082,1401.7,2.2
136,WmzI4RnqgkwnQX4cm45PFg,2022-10,45.98703439066654,8.869420484659505,397.4334106445312,2.167056798934937,-3.67999267578125,359.7284545898438,1411.7,2.2
137,i1pOFO0aUSeEZPP3zFDikQ,2022-10,45.98712043369592,8.869425837553917,398.0240783691406,2.917858600616455,-4.134605407714844,359.5612182617188,1421.2,2.2
138,PwGZpBzzxyIAQInRhzAW4A,2022-10,45.98721059480183,8.869432835036747,398.6973571777344,3.458057165145874,-4.2189788818359375,359.17294311523443,1431.2,2.2
139,2mscz3tB_Bq3doVNq6y-ig,2022-10,45.98729810733317,8.86944375706601,399.3751220703125,9.593167304992676,-4.3264312744140625,359.07989501953125,1440.9,2.2
140,utQEA2RrrwuwerRxpAd9QQ,2022-10,45.98738307984384,8.86947692715047,400.0663452148438,11.35041427612305,-4.618827819824219,359.5451354980469,1450.4,2.2
141,dtP7ZhLK6oD3Q1HPaHTpxA,2022-10,45.98746950530902,8.869479261487667,400.7440185546875,356.1417846679688,-4.566986083984375,358.046630859375,1459.8,358.6
142,Flzp8UYXcS854BnRTr7SPA,2022-10,45.98755813823734,8.869456105802337,401.4917297363281,345.9653015136719,-4.889892578125,357.7809143066406,1469.4,348.3
143,jWTvn1K1HSR1mrVav9q_yw,2022-10,45.98764597895541,8.86941306801355,402.2698059082031,337.0635681152344,-5.053077697753906,358.1722717285156,1479.2,334.2
144,ixwo-sacnXsijnXLIniKBQ,2022-10,45.98772354560371,8.869347814604877,403.0919494628906,323.1720581054688,-5.0758209228515625,358.5367736816406,1489.0,327.2
145,cDY_jWMXpdtLSNmT6eKwcw,2022-10,45.98778857834137,8.869259281270688,403.8572082519531,313.9926452636719,-4.8986968994140625,358.27392578125,1498.5,313.2
146,9OjNT14Pm4lVl-rV_EBX6Q,2022-10,45.98784456962193,8.869161827726336,404.6168823242188,303.7518615722656,-4.791481018066406,358.248291015625,1508.0,301.2
147,rNufuaGwWNKixxKw8cT16g,2022-10,45.98787846227874,8.869043576687995,405.3359680175781,290.68505859375,-4.562660217285156,356.896240234375,1517.6,290.0
148,WBL3yNmgD8G5NwEsbV84FQ,2022-10,45.98791584682915,8.868925609185501,406.1301879882812,293.58618164062506,-4.926094055175781,358.4030456542969,1527.6,290.6
149,-oxW4dJik7rOmANeSWmqEA,2022-10,45.98794995082252,8.868804644883767,406.9098815917969,291.3074951171875,-4.8029632568359375,358.7222900390625,1537.6,287.8
150,l6lEOfis7I66UCjzrNYMHw,2022-10,45.98798147815468,8.868683862243397,407.6764221191406,290.3295288085938,-4.602996826171876,359.4119567871094,1547.6,287.8
151,pvU30FTAR--MjzhOvSp6YA,2022-10,45.98800989652656,8.868570088156504,408.3929138183594,289.4031982421875,-5.041877746582031,359.16769409179693,1557.0,290.6
152,NrsWofiKdXRwzGFchqPncg,2022-10,45.98803608810758,8.86844261888924,409.1761474609375,284.5382080078125,-4.83392333984375,359.6162109375,1567.3,292.0
153,YR_LSJ8r8DlfrfCW4dvZig,2022-10,45.98806156769989,8.868317706718658,409.9544982910156,288.4159240722656,-4.855377197265625,0.02121119387447834,1577.3,292.0
154,IQvhb5nNkElCWgxaRR0WQA,2022-10,45.9880886981695,8.86819133774049,410.7523498535156,285.5268859863281,-4.900032043457031,0.24798908829689031,1587.5,290.0
155,3Y6-ZxqkmAI4IxbChXoJzw,2022-10,45.98811658450964,8.868062784218942,411.5819702148438,289.3674621582031,-5.119178771972656,1.446091413497925,1597.9,290.0
156,VFNpZmfWVP7OT1c9p0ls9Q,2022-10,45.98814877801578,8.867942837617175,412.3818359375,291.6602783203125,-4.913337707519531,2.120466232299805,1607.9,290.0
157,chP93dbrtP78o6_UzNOCwA,2022-10,45.98818014822075,8.867820303007116,413.1773681640625,289.64447021484386,-5.1255035400390625,2.486067056655884,1618.0,290.0
158,_60W5CX901qVJ3J-gHUVgA,2022-10,45.98821061934995,8.867699908402294,414.0535278320312,291.2266235351562,-5.406608581542969,2.411073446273804,1627.9,291.2
159,7Rcub2doRi02WrZdExnB8Q,2022-10,45.98824373304695,8.867589752555212,414.8731689453125,294.5205993652344,-5.5542449951171875,2.294397830963135,1637.1,301.2
160,dQsoOW7hnEtvu9_hfkkZ3A,2022-10,45.98829501115658,8.86748230935075,415.7228698730469,315.3222045898438,-4.517333984375,2.446225643157959,1647.2,324.5
161,twnwqZV8821N04XryLWZAw,2022-10,45.98837902020276,8.867419870621708,416.306884765625,347.0127868652344,-3.7860107421875004,2.361415147781372,1657.5,345.7
162,auALtYlrzGzDLryIToFocA,2022-10,45.988474011973,8.86741752180066,416.9183349609375,4.82365894317627,-4.1518402099609375,3.266851186752319,1667.7,10.1
163,Y32e54o-W4S0j-Jh-XgirA,2022-10,45.98856779191335,8.867435415014171,417.5995178222656,9.55813980102539,-4.2463531494140625,1.9089771509170528,1678.1,10.1
164,HXRDQ1NCHGPTXpx7cx9Pzw,2022-10,45.9886595557773,8.867460389099325,418.2523803710938,10.89891815185547,-4.256256103515626,1.8982117176055908,1688.5,10.1
165,Ik4pfd-RmAGaY4jjRgvMrA,2022-10,45.9887467491774,8.867482950088124,418.9242553710938,10.18384647369385,-4.1099853515625,0.9659206867218019,1698.3,10.1
166,eagykOFQqBAnvFuCavDsZA,2022-10,45.98883417437956,8.867504417992109,419.5754699707031,9.840228080749512,-4.169319152832031,0.01560352463275194,1708.1,10.1
167,zIlz8kCMz_Fg6TOPxAtsug,2022-10,45.98892126966727,8.867525424322444,420.2366638183594,10.10911083221436,-4.22869873046875,358.9896240234375,1717.8,10.1
168,2QNcK7MW9Xg8i7dE_f0W5Q,2022-10,45.98900877670852,8.867547724782263,420.8572387695312,10.55622386932373,-3.8102340698242188,357.3733520507812,1727.7,10.1
169,_w6RAVfIltR7y4Nbwxm0hg,2022-10,45.98905227330898,8.86755888447449,421.1609497070312,10.28416633605957,-3.8038711547851567,356.48376464843756,1732.5,10.1
170,lfLfwyuMySmSwUl8GTGOQA,2022-10,45.98913869624506,8.867573494748825,421.73583984375,2.297096967697144,-3.8153762817382817,356.3042907714844,1742.3,3.4
171,2eYfuGnUnlC3bHsD4Z6SBA,2022-10,45.98922463828484,8.867557651079993,422.3327026367188,344.0205078125,-4.293632507324219,356.9832763671875,1752.4,344.6
172,NM8q_XywuAj3eNGWLD8nxw,2022-10,45.98930289997706,8.867496643253544,422.971435546875,321.6201782226562,-4.1610260009765625,357.8875732421875,1763.1,318.6
173,8seRLCEOT43hBdDXF3YOpQ,2022-10,45.98936150575852,8.867397580679176,423.5876159667969,302.774658203125,-3.8067245483398438,357.4143371582031,1773.7,297.6
174,gH43pogDtf22wO3RR_pY4A,2022-10,45.98939997111205,8.867284519485171,424.1470947265625,292.7623291015625,-3.4646682739257812,357.6144104003906,1783.6,292.0
175,Ujcka9E0fyfYIHZieWjm8w,2022-10,45.98943232668597,8.867171881837905,424.6738891601562,292.8207397460938,-4.060874938964844,358.8442687988281,1793.0,292.0
176,PW5NkTq6MSn8GD2uHaYHTQ,2022-10,45.98946956093774,8.867052070713697,425.2283020019531,294.8858947753906,-3.8026351928710938,359.9706115722656,1803.1,292.0
177,E2A-WdeySIZtfNBH0OUxqA,2022-10,45.98951145551406,8.866927886902083,425.8023071289062,296.2362365722656,-3.8133087158203125,0.7512456774711609,1813.8,292.0
178,7R8rNiEg7VQ568YysYaNOg,2022-10,45.98955205562098,8.86680903692184,426.3761596679688,295.9617309570312,-4.006492614746094,0.27754974365234386,1824.0,292.0
179,B1Tjs8xnXjy3Aul7OCsJ8A,2022-10,45.98957118784288,8.866751443905667,426.6989135742188,294.7357788085938,-3.9353561401367188,1.090109586715698,1828.9,292.0
180,fzl3PcsyivbaVsSa4r_FrQ,2022-10,45.9896068931406,8.866633396862545,427.2667846679688,292.4656982421875,-3.4232177734375004,2.006166219711304,1838.8,292.0
181,k9Krw2JJCbpMbXXcdNWBcQ,2022-10,45.98963860196055,8.866517778088797,427.773193359375,290.8326416015625,-2.923477172851563,3.086557388305664,1848.4,292.0
182,e6ao781jTAb95FSkNgJLMA,2022-10,45.9896723791769,8.86640755679453,428.2932739257812,299.6705627441406,-4.134468078613281,2.699636936187744,1858.2,309.5
183,tzksr0N3KXBrwgBk0a9ubw,2022-10,45.98973503432157,8.866330736674659,428.9877624511719,337.99911499023443,-4.5738525390625,2.366775751113892,1868.3,336.1
184,_zWvO4U3yEIwrI_5py79Ig,2022-10,45.98982351068211,8.86634813599011,429.6009826660156,32.80678176879883,-3.7934265136718746,1.347125768661499,1880.8,37.0
185,buikqPo8dP47Mr1FHzhARw,2022-10,45.98987741945299,8.866460538139417,430.3316040039062,66.89651489257812,-4.969444274902345,1.709444046020508,1892.8,69.6
186,wwE76x-ELesAmqaGYThhcg,2022-10,45.98991110446755,8.866585365531394,431.1318969726562,68.54893493652344,-5.11700439453125,1.265772819519043,1903.1,69.6
187,KHunUL2AZ6jRqLeNst15fg,2022-10,45.98994625103768,8.866701773749096,431.9338989257812,66.26874542236328,-4.482048034667969,359.6027221679688,1912.9,66.0
188,jqwZnyogeWs8LjmcBPXgnw,2022-10,45.9899838821983,8.86681824088127,432.6293334960938,64.0595703125,-4.713050842285156,0.8393654227256775,1922.8,66.0
189,QXFSa7gGQVuNUPPNjkgpnA,2022-10,45.99002850542853,8.86692953953237,433.4583129882812,56.90699005126953,-5.8020172119140625,358.0098571777344,1932.5,56.2
190,HiE6lcVYHKRd-vl5NjLOHA,2022-10,45.99008605517591,8.867026225586413,434.2857971191406,43.42716979980469,-4.918388366699219,356.265869140625,1942.2,46.4
191,9ekEH1sa8xBe4Cn4UfCj1Q,2022-10,45.99015982822991,8.867097941688288,434.97119140625,26.663242340087894,-4.329704284667969,356.8486328125,1951.7,20.8
192,WeAVNpu3qVHvRFu_FHL9YA,2022-10,45.99024549310395,8.867137328236929,435.5750427246094,10.58926296234131,-3.7059020996093754,357.5621948242188,1961.3,8.7
193,yhqhB5e0QnRk3mEhTBsvUg,2022-10,45.99037904808641,8.867124960499721,436.5059204101562,343.8916625976562,-4.957115173339844,358.5382080078125,1975.7,351.9
194,b1xA732j1-rzLQh4rJvscA,2022-10,45.99046059503763,8.867069726887618,437.2561340332031,328.063232421875,-4.7023773193359375,357.3083801269531,1985.2,327.7
195,CbaQQoNUDixq4AlqEgtYcQ,2022-10,45.99053307997058,8.866984228305633,438.046875,315.5644226074219,-5.053092956542969,357.3311767578125,1995.3,311.7
196,YHCNAxGudlfkLZ1N3E54rg,2022-10,45.99059605107443,8.866881772542257,438.7853088378906,309.1667175292969,-4.6458892822265625,358.0173034667969,2005.8,309.0
197,G_gqqo0XZrulLMMDRUW1lw,2022-10,45.99065660599054,8.866776500114094,439.4839782714844,310.3652648925781,-4.66119384765625,0.5852177143096924,2016.3,309.0
198,_0Rmxh0u7XFWki-QmKffQw,2022-10,45.99072081909411,8.866675955879177,440.2201232910156,314.8601379394531,-4.921165466308594,0.2230578809976578,2027.0,312.8
199,Z_TkSbO-_UGIc9KJkEHaxQ,2022-10,45.99078972451829,8.866583780004875,441.0691528320312,318.9321594238281,-6.0286407470703125,1.2676067352294922,2037.6,318.4
200,mM1yeNMGeBkgdDP2rVcrRA,2022-10,45.99086129012157,8.866500682934191,442.0349426269531,323.4982299804688,-5.429359436035156,0.9605284333229065,2048.0,325.6
201,5s4Z6C2ud_Hxa1xPhp1Q_A,2022-10,45.99093340187483,8.866428425487179,442.895263671875,326.3594970703125,-4.793388366699219,0.1931016594171524,2057.7,325.6
202,QMe-pWdAmgo_tlGQkOI_Ew,2022-10,45.99100758940545,8.86635959521977,443.6658630371094,328.2785949707031,-4.774383544921875,0.02250979654490948,2067.6,328.7
203,OMpJ-03ZonGZWrA0jDhjWQ,2022-10,45.99108213406055,8.86629275901764,445.1668395996094,329.9602661132812,-4.9976654052734375,359.1040649414062,2077.3,328.7
204,cVschJVtQD6TiszoXcOiHw,2022-10,45.99116007812243,8.866232094317612,445.2542724609375,330.8126831054688,-5.214927673339844,359.9041442871094,2087.2,330.8
205,2uHb9_AjSBqhyEZ0WgUcgA,2022-10,45.99123505114552,8.866169157006732,446.8207397460938,330.7291259765625,-4.986320495605469,359.2807006835938,2096.8,330.8
206,7bgkqS7u4c8aYrBj4O5tzA,2022-10,45.99131276764293,8.866106717230847,447.5735778808594,330.6688537597656,-4.421180725097656,0.6578484773635864,2106.7,330.8
207,9USBqqPLaBQSHK3E9-OPFg,2022-10,45.99138937829676,8.86604249744018,448.3323974609375,330.3479309082031,-5.040779113769531,357.6882934570312,2116.5,330.8
208,lSHR8CqYHeWZHB-GZ34Jyw,2022-10,45.99146456957842,8.86597864124931,449.2287292480469,327.83410644531256,-5.8857421875,357.7533264160156,2126.2,330.8
209,UPx6xXB9Z3RlW-vGnHNv6Q,2022-10,45.99156741582618,8.8658624491597,450.5304870605469,314.3669128417969,-5.016990661621094,357.7560119628907,2140.3,309.5
210,H03_ezdYfs_OhgeoOBU_1g,2022-10,45.99162313363769,8.86576005689943,451.3028564453125,303.9508361816406,-5.1172943115234375,357.4359741210938,2150.2,300.6
211,UVTm5MOpm2qBpkssSslELw,2022-10,45.99166959415349,8.865650560828454,452.0458984375,300.3883056640625,-4.709495544433594,358.9241638183594,2160.1,300.6
212,Wog6wYtJhMuI6q2WPygK6g,2022-10,45.9917134944395,8.865543851878893,452.7819213867188,300.8082885742188,-4.556739807128906,0.5231598019599915,2169.7,300.6
213,uVJbU-i6F7IXlTKJ32EFgA,2022-10,45.99176056011809,8.86543786194017,453.3111877441406,303.7422485351562,-5.076385498046875,1.267431378364563,2179.5,305.3
214,M86A7mvbkQIAF5TXLgShng,2022-10,45.99181299660801,8.865334355283336,454.1151428222656,307.5172424316406,-5.423675537109375,2.055422782897949,2189.4,305.3
215,gn7FzW-IzWJj5OYcvWIw-w,2022-10,45.99186933609334,8.865238073915783,455.0193481445312,312.6103210449219,-6.033760070800781,2.031365871429443,2199.4,312.7
216,EdkMg6RMA5mx6NsyJwqCRw,2022-10,45.99193345080688,8.86515757848724,455.9295349121094,325.5713806152344,-5.274810791015625,3.378705739974976,2209.2,321.5
217,rzboLD_dAvkRKvHo8GUZKw,2022-10,45.99201000426096,8.865112884020476,456.72900390625,351.8742065429688,-6.641387939453125,2.565453052520752,2220.0,354.6
218,H_6WLNxCaDpN_IkY09pUag,2022-10,45.99209449739531,8.865141050196788,457.7682189941406,29.739397048950202,-6.383453369140625,2.8913900852203374,2231.6,31.4
219,aft1xgjoZwG6clrV1mjR1g,2022-10,45.99216392144768,8.865232923312456,458.7639465332031,51.04624938964844,-5.826896667480469,1.395039200782776,2243.0,58.6
220,hS3EEY1Icfqf6jgWJltfRQ,2022-10,45.99221173668148,8.865351226234246,459.6339416503906,67.67129516601562,-4.8012237548828125,0.8190643191337585,2253.8,72.9
221,m_u3CLRbb3rA9agcgegPMg,2022-10,45.99223878954411,8.865481339635323,460.4415588378906,76.52764892578125,-4.892204284667969,359.8208312988281,2264.3,74.5
222,aWjHc3Dj71VZDUSZ9hFpsA,2022-10,45.99225912784719,8.865602722736606,461.222412109375,75.2124252319336,-4.615180969238281,359.5118103027344,2274.0,74.5
223,OMxFuPMDdXvHf1rhbI_0AQ,2022-10,45.9923154594178,8.865760177836547,462.2783813476562,48.43924713134767,-5.0020294189453125,358.479248046875,2287.3,46.9
224,ymF_MWomM_Yn2w3qtUkkUw,2022-10,45.99239090190265,8.865828378989022,462.9539794921875,19.59404945373535,-3.79248046875,357.5578918457031,2296.8,20.5
225,m1D1QuaoXcZaCoMXR4e4Gg,2022-10,45.99248214038013,8.865846100349032,463.5020446777344,0.1852899640798569,-3.8701934814453125,358.8662719726562,2306.5,357.2
226,tKxFF9RxUGk7Y0tkW3ZzxQ,2022-10,45.9925726797856,8.865832401133202,464.1249389648438,351.2021789550781,-4.146507263183594,358.9324035644531,2316.4,351.4
227,EQmPGvi0rTyjdEhmqN-EDQ,2022-10,45.99266186287807,8.86580886386277,464.747802734375,348.7009582519531,-4.378181457519531,358.5797424316406,2326.3,345.4
228,nI3ow7jpOAK6T_japAzSKQ,2022-10,45.99275051945499,8.8657798719743,465.4173278808594,344.9476928710938,-4.2919464111328125,359.2907104492188,2336.2,342.4
229,1Px0oUEZ-0sR_GWCJaRq1A,2022-10,45.99283810267914,8.865738350724522,466.1444091796875,340.7521057128906,-4.843109130859375,357.8924865722656,2346.4,342.4
230,zMrOoZyixUHYnUb_4zXDKA,2022-10,45.99292381784592,8.865693556227626,466.9406127929688,339.7084655761719,-4.9227752685546875,358.6550598144531,2356.4,339.6
231,Gf01el5qWQCaQARVSnbpcQ,2022-10,45.99300911467015,8.865647554939317,467.6850891113281,339.42626953125,-4.619171142578125,358.3836669921875,2366.5,339.4
232,Y42yyUcboqefr8EiTBbrMA,2022-10,45.99309681883392,8.865597911360942,468.3963623046875,337.4515380859375,-4.8359375,359.3381652832031,2376.9,339.4
233,io-jsmt5RlaHJhELvR83Vw,2022-10,45.99318411211136,8.86554320777926,469.1537780761719,335.8476867675782,-4.8807373046875,359.12109375,2387.4,337.2
234,QlTXRLj7gQZa8vVFxotuFw,2022-10,45.99327123884363,8.865487824279107,469.9209899902344,336.3369140625,-4.900413513183594,359.3210754394531,2397.9,337.2
235,lCWmxsuRTTglXj5J-1v1zA,2022-10,45.99335893723119,8.86543450185696,470.6392822265625,337.4031066894531,-4.741767883300781,359.85205078125,2408.5,337.2
236,yHc7c2HbfT18c6wJENUjIA,2022-10,45.99344646193892,8.865382469887228,471.3587341308594,338.1488647460938,-4.684906005859375,358.8532409667969,2418.9,337.2
237,N3jOBVqnHovenOYgR7ZZXw,2022-10,45.99353378893252,8.865332976166014,472.08935546875,338.59677124023443,-5.0042724609375,359.1647033691406,2429.3,337.2
238,G_hFTwmwWdQBO2dix9o3lQ,2022-10,45.9936216096034,8.865283725930228,472.8479309082031,338.6193237304688,-4.9280853271484375,359.30419921875006,2439.8,337.2
239,VCuaCDyCebC65JhInw5E1g,2022-10,45.99370784064213,8.865235144868546,473.6239624023438,338.5918273925781,-4.598060607910156,0.108247809112072,2450.1,339.5
240,DnDK9VMDN8R-zbxzxZoniA,2022-10,45.99379304706041,8.865187499018356,474.3934936523438,339.0933227539062,-4.141761779785156,1.046861529350281,2460.2,339.5
241,NglUOQHpe8O_aLA1pKSKdA,2022-10,45.9938760881145,8.865143211917374,475.0826110839844,339.779052734375,-3.6756057739257812,2.26578950881958,2470.0,339.5
242,M8at_CsjpMyHjU_UGgmz8Q,2022-10,45.99395846163109,8.865101854470169,475.6361083984375,342.49169921875,-2.9608840942382812,2.277175426483154,2479.7,342.3
243,lIDRCQdLqe8Z3LYHdWp4pw,2022-10,45.99404337323485,8.865069269150926,476.1589965820312,347.8826599121094,-3.7360153198242183,2.64858603477478,2489.7,348.5
244,B5ZqtllPHD88y_qNr03-8g,2022-10,45.99413008349044,8.865050246419528,476.7688598632812,354.9003601074219,-3.3097686767578125,2.231222152709961,2499.6,354.9
245,31dsWQBNos2MzJ9g-xl6AA,2022-10,45.99421840882555,8.86504338408513,477.3936767578125,358.6243591308594,-4.0478363037109375,0.46217978000640864,2509.5,357.7
246,g2jp4iQYiFVPuKRUDqa86g,2022-10,45.9943065981846,8.865036389539625,478.0086364746094,354.8024291992188,-3.9401016235351567,358.7846984863281,2519.2,357.7
247,qL8_NDnxnEL7T94MYVCxnA,2022-10,45.9943940747425,8.865017874567853,478.6760864257812,348.49411010742193,-4.481193542480469,358.7240295410156,2528.8,349.6
248,ylje-xGJaU_4mfpmsWvFcw,2022-10,45.99447967819439,8.864984876632649,479.3614807128906,341.7397155761719,-4.386878967285156,358.7855834960938,2538.2,338.0
249,P1f9YqhDkxbQg4QSR1Ka-Q,2022-10,45.99456263555987,8.86493885804286,480.0273742675781,336.8470458984375,-4.088294982910156,358.431884765625,2547.9,334.2
250,7q3us6dEdYrW9kObzIIcjA,2022-10,45.9946442666724,8.864885431321868,480.6732788085938,334.8544311523438,-4.1834869384765625,357.9735412597656,2557.8,334.2
251,FtKWXYPeM6bmPYKgKUA1ng,2022-10,45.99472439352554,8.864830638169707,481.3161926269531,334.3551940917969,-4.2280426025390625,357.91833496093756,2567.6,334.2
252,J-SO8KmYxtcfyS2Vo_Bp3w,2022-10,45.99480282182704,8.864776031937192,481.9711303710938,334.3140563964844,-3.9173736572265625,358.0384826660156,2577.3,334.2
253,ioNudawxAty1DLMFNjAr3A,2022-10,45.99488165539769,8.864720924286038,482.5845031738281,333.3863525390625,-3.928558349609375,358.1176147460938,2587.0,334.2
254,t94BJQjz-UZb4IkqJ79dzw,2022-10,45.99495961498609,8.864661060289016,483.1831359863281,330.3208312988281,-3.58209228515625,357.966796875,2596.6,329.5
255,SHV5RK153VllGi5K6-McKg,2022-10,45.9950356663185,8.86459279947268,483.8566589355469,325.3294067382812,-3.9539871215820312,358.7615356445312,2606.3,323.3
256,dW77nscmUKBbejPZ2yniRQ,2022-10,45.9951060311857,8.86451388661339,484.4526672363281,319.50860595703125,-3.7739639282226562,358.0945739746094,2616.0,318.3
257,9wmr2-n7KhLdDzbxhK6GMw,2022-10,45.99517065080684,8.864429773047089,484.3161010742188,314.0673217773438,-4.007789611816406,358.5763549804688,2625.5,313.9
258,MNScqQa_L4xmW5Lr9EbRcQ,2022-10,45.99522929853202,8.864331152450909,484.9784240722656,308.1847229003906,-4.0932159423828125,357.4039916992188,2635.3,307.2
259,ghV8F-RHKYAqBpj5Wrh-nw,2022-10,45.99528135380069,8.864224107858874,485.6305236816406,302.4341430664062,-4.33099365234375,357.6796569824219,2645.1,300.4
260,SBYRgAsf8sXXuER4pqaD1w,2022-10,45.9953264962318,8.864110870689142,486.3324279785156,297.8854064941406,-4.41509246826172,357.9454650878906,2655.0,296.7
261,nFM-eXd5v823OGh3krpGHw,2022-10,45.99536715917917,8.86399498011682,487.054443359375,296.2724304199219,-4.655418395996094,358.2633666992188,2665.1,296.7
262,2TxjtzLjMP7Bvau98tIV4A,2022-10,45.99540669876759,8.863878469934786,487.7881164550781,295.6012268066406,-4.684501647949219,359.3388366699219,2675.1,296.7
263,uJffloFnM-5BeJ-tv84u8A,2022-10,45.99544517936844,8.863763332896813,488.5043640136719,295.7559204101562,-4.339118957519531,0.5466338396072388,2684.9,296.7
264,InyLt0lJ6kMtF3G0yV22tg,2022-10,45.9954857495124,8.863651448262035,489.2122802734375,300.0783081054688,-4.867012023925781,1.10001528263092,2694.6,295.5
265,YwQf43wRudPawqYuz6MIUA,2022-10,45.99553500557874,8.863548371535598,490.0622253417969,308.6563415527344,-5.443450927734375,1.447209477424622,2705.0,310.0
266,xo_9Nl78NXC8FBqV5Yswyg,2022-10,45.99559609289175,8.863455084182382,490.9605712890625,317.6646728515625,-5.655555725097656,0.9516739845275879,2715.4,319.3
267,G_9hesjc06GxsdKRVUcVPw,2022-10,45.99566630113923,8.86337629955388,491.7832336425781,325.7113647460938,-5.366149902343751,0.9193748235702515,2725.6,324.7
268,EEdcOXLUwcwRIZnxfIn8Cw,2022-10,45.9957434796185,8.863307670124694,492.6557006835938,329.4944152832031,-5.7583160400390625,0.7672866582870483,2735.8,329.1
269,0Ucv2eMFBNkHC6CcO4Ljvg,2022-10,45.99582087263238,8.863239107372998,493.5020751953125,327.5039672851562,-4.896034240722656,358.4094848632812,2745.9,329.1
270,syrrKpuFRXnc7wKPEFNjIw,2022-10,45.99589544812269,8.863163478148635,494.1539306640625,321.7650146484375,-4.120613098144531,359.2354125976562,2755.7,320.8
271,XutPvRcCCqUBsrvmJXOWKw,2022-10,45.99596348943577,8.863075856669077,494.7955322265625,314.79931640625,-4.181480407714844,359.4286804199219,2765.7,318.8
272,MrqtR_klyfwQ3wlatCXm0w,2022-10,45.99602434606321,8.862978012644636,495.470703125,309.9744567871094,-4.472419738769531,358.5163879394531,2775.4,308.0
273,gJe-v8X5QfZYjhLmZmUUMQ,2022-10,45.99608175150877,8.862875594502405,496.1461486816406,308.3051452636719,-4.3045196533203125,358.4038696289062,2785.6,307.5
274,0efFuwYEoNZlgo_O5EU2Fg,2022-10,45.99613797251649,8.862771461601504,496.809814453125,307.4847717285156,-4.235221862792969,358.4674682617188,2795.7,307.5
275,pvMN1G7L1hYDujZB7wcMmg,2022-10,45.99619336951196,8.862668506068985,497.4509887695312,307.7501220703125,-3.6856918334960938,359.0691833496094,2805.8,307.9
276,owGBNEdc8LjlDXmN_8NDWQ,2022-10,45.99624746912276,8.86256810451994,498.0585632324219,307.8733825683594,-3.7625808715820312,358.7522888183594,2815.6,307.9
277,a3gW3idH-bsHC28rypVi0w,2022-10,45.99630133024263,8.862468883729106,498.6214599609375,308.0597839355469,-3.3296661376953125,359.4893493652344,2825.3,307.9
278,Znj948jMecF-XtnVnmzaIg,2022-10,45.99635500061719,8.862370230935218,499.1761779785156,308.219970703125,-3.6641845703125,359.0740966796875,2835.0,307.9
279,K1og05ef0kse7wKFWcxDTw,2022-10,45.99640747920095,8.862273716763166,499.7523803710938,308.0972290039062,-3.6493377685546875,358.9690246582031,2844.4,307.9
280,qRHtq9h1Z00vSPUZMbuOzw,2022-10,45.99645732291108,8.862177187291351,500.3061828613281,304.1351928710938,-3.5537948608398438,358.8221435546875,2853.6,305.2
281,DckeR1wYBJm8t26evgUn5w,2022-10,45.99649769443711,8.86206783892608,500.90576171875,292.1387939453125,-3.4623184204101562,358.2485961914062,2862.6,289.7
282,QOTlWSGKcFCe5CbhXWidng,2022-10,45.9965215371399,8.861943201001496,501.4486999511719,279.9184875488281,-3.0590591430664067,358.9974060058594,2872.5,284.9
283,YIXQ8O9cX097RysH4p36LQ,2022-10,45.99653068127358,8.861811735401282,501.9976196289062,274.0570068359375,-3.5749664306640625,357.9720153808594,2882.3,273.1
284,xIxnm05EFYVWqL1-H9SsQA,2022-10,45.99653415062063,8.861678858144307,502.5760498046875,270.4169311523438,-3.8877944946289062,358.0512390136719,2892.5,270.0
285,vR-CoLcD-eryzdmpi09Grg,2022-10,45.99653085901004,8.861546292707795,503.1603393554688,266.0514831542969,-3.6815414428710938,357.52099609375,2902.6,264.9
286,69jAMeaW4pRwz1u9OX_1BQ,2022-10,45.99651899388315,8.861346135638605,504.0173645019531,265.4515991210938,-3.6494216918945317,358.43798828125,2918.2,264.9
287,vJjnnTfdGjnh9Lu0pCHxsg,2022-10,45.99651263077119,8.86121727542279,504.5765686035156,266.7031555175781,-3.430267333984375,358.54498291015625,2928.2,264.9
288,sv2MVZH1EoKPdJE65UqONQ,2022-10,45.99650817008362,8.861091250720282,505.1481628417969,267.4088439941406,-3.3489456176757812,359.7115173339844,2938.0,268.1
289,1GZGyOeCrTAIT3f06HgKXQ,2022-10,45.99650468604707,8.860966786359917,505.6777648925781,268.0536193847656,-3.4183197021484375,0.6374984383583069,2947.7,268.4
290,UdLkCUWrHd1utDWu8EbCRA,2022-10,45.99650266190233,8.860845198705402,506.2171936035156,269.8648681640625,-3.2837677001953125,0.624420166015625,2957.1,268.4
291,SKnrB-VJrXAszzhF4foYnw,2022-10,45.99650754135507,8.860723344209301,506.741455078125,277.4515686035156,-2.7460098266601562,0.9663469195365905,2966.8,277.0
292,GPQsOUA0rtcJC-FL7tEdsw,2022-10,45.99652834215182,8.860601077196494,507.2308349609375,290.130126953125,-3.0382003784179688,0.2819072902202606,2977.0,288.5
293,ePuhGhkqxQnAVQ6Sgl9_4w,2022-10,45.9965674261907,8.860483796797478,507.7704772949219,298.0491638183594,-4.46453857421875,0.849843442440033,2987.4,297.3
294,K_CkYa5_WYnvuDd2D4yabQ,2022-10,45.99660697995436,8.860366124948749,508.43115234375,292.9904174804688,-3.977455139160156,358.9269714355469,2997.4,292.7
295,N4LYOaLrtg6T1It9PNDX6Q,2022-10,45.99663443206081,8.860244946856927,509.0567016601562,284.3592529296875,-3.7849960327148438,358.39343261718756,3006.8,282.2
296,QeylV6SforQMlqHbsXiAPg,2022-10,45.99665305015019,8.860123433933863,509.6519775390625,282.5989379882812,-3.833122253417969,359.4473266601562,3016.4,282.2
297,C0ibpVhd4P5qGi7TFkNNGg,2022-10,45.99667977328195,8.860004090889042,510.2604675292969,293.6511840820312,-4.132904052734375,0.6790467500686646,3026.5,290.3
298,BTHp8I3tNxEwPvYTvSlZwA,2022-10,45.99672991205819,8.859900928926656,510.9626159667969,316.4705810546875,-4.762779235839844,0.8606837391853334,3037.9,319.5
299,T3KV5a5fcAaCeuJLk1QMwQ,2022-10,45.99680709952754,8.85983875196323,511.704833984375,342.5763549804688,-4.338768005371095,359.6486511230469,3049.4,350.3
300,3b3g0FNkur1_esBAOv_mIA,2022-10,45.99689853612132,8.859816436384063,512.27587890625,353.7633056640625,-3.3292617797851562,359.7294921875,3059.8,353.5
301,GBWt-ljKMDUIVCpmtILemQ,2022-10,45.99699054105308,8.85979716712123,512.7626953125,348.7608642578125,-2.797088623046875,359.7469177246094,3070.1,353.5
302,7RX0YaJex1l-xvkzs8aCPA,2022-10,45.99707915037201,8.85976320966629,513.1749267578125,343.6765747070312,-2.6610641479492188,359.4807739257812,3079.9,343.0
303,3_x4VUSCLChsLU-mevYaBw,2022-10,45.99716674497633,8.859732880638319,513.5596923828125,350.9225463867188,-2.6451644897460938,0.3364364802837372,3090.0,347.9
304,fvK5EQhemSvdYAPEXTwCvg,2022-10,45.99725711444999,8.859730854006877,513.9803466796875,6.10117769241333,-2.893096923828125,1.601855516433716,3101.2,13.1
305,lmnVRZHqx9kHy881AE7Qww,2022-10,45.99738498552907,8.859788854394587,514.68896484375,28.07585525512695,-3.2537307739257812,0.7662799954414368,3116.6,25.8
306,sqYGtvqO4RFmAzC7IXYcWQ,2022-10,45.99746015468278,8.859853189768069,515.2108764648438,30.34818267822266,-3.1906204223632812,0.2761203348636627,3126.5,31.4
307,LMDm1Q2my5vHVL-jVzN1zw,2022-10,45.99753885203689,8.85990607303889,515.673828125,20.47690010070801,-2.994163513183594,359.1418762207032,3135.8,21.9
308,YMZEmXx27U0isXAqJcHGFw,2022-10,45.99766862303603,8.859936871001965,516.3766479492188,359.4403991699219,-2.985198974609375,358.4715576171875,3149.7,357.4
309,8eLESZkoQib0nVKnoe-5Ng,2022-10,45.99775770860898,8.85991749725505,516.845703125,344.7222900390625,-2.9364089965820312,358.9547424316406,3159.4,348.6
310,wLG5GoaQnCHfD1kYSObFuw,2022-10,45.99784367872889,8.859874197173387,517.2918090820312,339.5130004882812,-2.7657394409179688,0.629599392414093,3169.2,336.8
311,U12SP14UjYAVciPNdTom9A,2022-10,45.99793029525621,8.859835761089402,517.7326049804688,347.2064208984375,-3.293487548828125,1.711416721343994,3179.4,342.9
312,uIo9dodnOG2p0Kyh_6t-VA,2022-10,45.99802102840614,8.859821563324981,518.2427368164062,358.9027099609375,-3.3650894165039062,2.01319694519043,3190.3,1.9
313,DnYjK1XFDmXVh23Ae3ncQA,2022-10,45.99811226640873,8.859830029037797,518.7753295898438,7.648393154144287,-3.5353775024414062,1.541871309280396,3200.9,13.4
314,wQ9cvEnF6Il2om942Ehg_Q,2022-10,45.99819928155526,8.85985322766859,519.3150634765625,12.06845760345459,-3.2794570922851562,1.885362148284912,3210.7,13.4
315,8Z-x2K55IxGGk06nGa6X_A,2022-10,45.99828556438722,8.859881129574397,519.82568359375,13.2037525177002,-3.2267837524414062,2.032588481903076,3220.5,13.7
316,c9LmS1lj66MVbXZBb0MTUA,2022-10,45.99837211946612,8.859911178833848,520.3135986328125,14.63934516906738,-3.086517333984375,1.993739485740662,3230.3,13.7
317,Y1cZZPEngZFwkV7jko1Wsw,2022-10,45.99845642315645,8.859952272261202,520.7902221679688,22.74308967590332,-3.189910888671875,1.9381550550460822,3240.4,23.2
318,osYOVAkEFZF5Y-ZVyleIFQ,2022-10,45.99853523029789,8.860011288358258,521.3031616210938,31.975046157836907,-3.362274169921875,1.666579842567444,3250.7,35.0
319,E-xsoTuq-3fHYX9yaowuJA,2022-10,45.99860616454382,8.860088651665421,521.8438110351562,41.61440277099609,-3.7450408935546875,1.037622570991516,3260.7,41.8
320,QrHHiZweqZKC8hIChjtBbg,2022-10,45.99867096310531,8.86017522013485,522.4186401367188,43.5314826965332,-3.6145248413085938,359.6567993164062,3270.6,42.9
321,_neWSkS5N2AmqzAxMAkY2Q,2022-10,45.99874147155524,8.860255231151125,522.9225463867188,33.45758056640625,-3.1413116455078125,358.9811401367188,3280.4,35.0
322,2gHveOrPqV3Ixn3bsQeb_g,2022-10,45.99882364951008,8.860312341109973,523.3941040039062,19.81571197509766,-3.159088134765625,358.6078186035156,3290.1,19.8
323,AHi5lUkZ-m6UvyUZojl50A,2022-10,45.99891297279817,8.860345407431186,523.8765258789062,11.42681217193604,-3.2165527343750004,358.2624206542969,3300.1,8.6
324,6auThTBctIt0PMDeQ8LtEQ,2022-10,45.99900384307249,8.860368016835986,524.322021484375,9.513763427734375,-2.7442550659179688,359.1601867675781,3310.3,8.6
325,R_OHipdHY6KtANt0wvA86A,2022-10,45.99909456041702,8.86038977156512,524.7808227539062,9.181872367858887,-3.1922454833984375,0.2611028850078583,3320.5,9.5
326,F5OrQ3svroWTstycsdY_7w,2022-10,45.99918395394738,8.860408781948644,525.2816162109375,7.9101648330688485,-3.2523880004882812,0.2176911979913712,3330.5,9.5
327,VIBw6gxMNDyPVJi049MAGg,2022-10,45.99927270468399,8.860423825697318,525.79931640625,5.809464931488037,-3.4206695556640625,359.9753112792969,3340.2,5.5
328,Njpw77eD9GnHBrxlg0kyLw,2022-10,45.99936208273247,8.86043269856905,526.32763671875,2.306999206542969,-3.4153366088867188,359.4909057617188,3349.9,358.3
329,v58nlOMEAsNL5tJaUGtOeA,2022-10,45.99945244929724,8.860432643737312,526.8381958007812,358.4261779785156,-3.134788513183594,359.2969360351562,3359.9,358.3
330,OC5rgI-iyu_5ZSN-lkWroA,2022-10,45.99954214602339,8.860427089290713,527.3141479492188,357.5664672851562,-3.16864013671875,0.08025668561458588,3369.8,358.3
331,Ck03m83NeUUjirz5zhO5EA,2022-10,45.99963096742255,8.860426193576144,527.8135375976562,1.468969106674194,-3.2852783203125004,2.091934442520142,3379.7,358.3
332,myf7fO2bTRuIfg8tB7Uyag,2022-10,45.99967530965126,8.860429445681564,528.0758056640625,4.498145580291748,-3.6673202514648438,2.182682752609253,3384.8,3.5
333,eQkifcUmUaQ_yxxlWGSl4Q,2022-10,45.99971939278446,8.86043602445639,528.3704223632812,7.693308830261229,-3.9124069213867188,1.304001808166504,3390.1,13.6
334,WMeWIG5jQPAOBSDrY-_psg,2022-10,45.99980615880177,8.860458698713884,529.006103515625,12.51435375213623,-3.949020385742188,359.0608215332031,3399.8,13.6
335,aoPXyHK-jUAzdqDzCRf6kg,2022-10,45.99989186977322,8.860479878157127,529.6260986328125,7.204152584075928,-3.582794189453125,357.8114013671875,3409.2,5.6
336,P97PaY-6CZO3k9PaTWQtnA,2022-10,45.99997966651438,8.860483684268342,530.2042236328125,356.69152832031256,-3.6853332519531254,357.8573913574219,3418.6,354.2
337,o9LsaBxK6ZnVLcbcrnu9sA,2022-10,46.00006704447562,8.860460906375941,530.731689453125,344.4534606933594,-3.2883758544921875,357.80636596679693,3428.1,340.3
338,U7g7bMbo9KsveDlnGVQASg,2022-10,46.00015082371414,8.860412883758851,531.2509765625,333.5365295410156,-3.4231796264648438,357.9364929199219,3437.7,321.2
339,M8v187bYEkmQRYh7HbO6BQ,2022-10,46.0002301961914,8.860349048869978,531.7704467773438,329.9095458984375,-3.1783218383789062,358.37707519531256,3448.3,333.6
340,IaEvcNgbth2mxDgGVHe9tg,2022-10,46.00030829226418,8.86028373944793,532.2918090820312,329.6582946777344,-3.4316787719726562,359.6754760742188,3458.2,333.6
341,5Kb8wkp3jY304jcEQM6E6A,2022-10,46.00038624192355,8.86021937047978,532.8577270507812,330.4740295410156,-3.3968429565429688,0.9579481482505798,3467.8,323.2
342,nO0eJ3T-YN7A11Br0bzO3Q,2022-10,46.00046433421333,8.860158811993092,533.3969116210938,332.7844543457032,-3.5124282836914062,1.674217224121094,3478.1,333.3
343,U04UoFQw7v4f0Kyrh6ycvg,2022-10,46.00054427789964,8.860104569860168,533.9797973632812,336.6236572265625,-3.843185424804688,1.751753807067871,3488.1,337.7
344,UHEl4ScAmi3sfh6WHpDnNQ,2022-10,46.00062548038953,8.860058611382104,534.605712890625,340.3180541992188,-3.6730880737304688,0.3499622941017151,3497.9,340.4
345,57XGhUxE9Q8MpHLsHgPuNQ,2022-10,46.00070518145132,8.860014067429042,535.1981201171875,336.1140441894531,-3.5591354370117188,358.663330078125,3507.4,340.4
346,Np4OsVvrl0xvn9cy_WtRRg,2022-10,46.00078096287302,8.859950276202277,535.6873168945312,324.6017150878906,-2.3892898559570312,358.5158386230469,3516.6,328.0
347,JYwDoYfKqkotb3A6PU3BNA,2022-10,46.00085036637457,8.859868712653954,535.9718017578125,319.7320556640625,-1.7051010131835938,359.9993286132812,3526.1,314.5
348,tg5AVJP2WQ7YKZATRdQiHQ,2022-10,46.00092240106154,8.859791915268405,536.1859741210938,326.9801330566406,-1.7521514892578125,1.711649656295776,3536.7,326.7
349,CYvzaqaR1r_LL3W3r3pRMw,2022-10,46.00100146783637,8.859730134519666,536.4655151367188,334.1220397949219,-2.2034912109375,2.462053775787354,3547.5,342.3
350,B26xfJ4A-InFnjZ0tg83ww,2022-10,46.0010829234751,8.859679052442898,536.7527465820312,338.0479736328125,-1.7656097412109375,2.030418157577515,3557.3,340.6
351,r59-yDYm2uB_5d5GceXUiQ,2022-10,46.0011650526064,8.859634367682727,537.014404296875,340.5616455078125,-1.7373504638671875,1.848170161247253,3567.0,340.6
352,HKFzS3F7l7yvBbnfvUCJRw,2022-10,46.00124857368518,8.859595317965663,537.2769775390625,342.87744140625,-1.7983016967773435,2.134602069854736,3576.6,338.7
353,EwQ2dncDWexnwEbLrNWbfA,2022-10,46.00133193785186,8.859560164731748,537.52783203125,343.53271484375,-1.594329833984375,2.335599899291992,3586.4,343.3
354,1nGOCgNZuoQHOGXZFZC9XA,2022-10,46.00139993607294,8.859414851211065,537.7227172851562,112.5373916625977,1.6160507202148438,2.320687294006348,3595.6,354.0
355,9y60GOL0gkU9y72SY21a1w,2022-10,46.00145761025426,8.859497048253075,537.7728881835938,0.987168848514557,-1.8333358764648435,2.795035600662231,3601.2,345.1
356,qZ_m0Z6KPxc-DLtFE-W-CA,2022-10,46.0015099391826,8.859488980021947,537.9263916015625,353.0671081542969,-2.3123626708984375,2.397556066513062,3607.0,345.1
357,Mi1t1Vz6t4ksJYooRr88lQ,2022-10,46.00160477182778,8.859471123725859,538.285888671875,353.4586486816406,-2.53265380859375,3.128663063049316,3617.8,356.0
358,0l8vhC-2OMOZTKNgQP8oTg,2022-10,46.00169714057019,8.859476441841855,538.65380859375,11.23245811462402,-2.53619384765625,2.740846157073975,3628.3,4.8
359,8rlb24nJAyO8BDiulEV7eA,2022-10,46.00178046565281,8.859523597057015,538.9933471679688,30.594268798828118,-2.0720367431640625,2.309639453887939,3639.9,45.4
360,eXaYNpQXj8c4j12FTCMA6w,2022-10,46.00184286494536,8.859612829008784,539.2994995117188,57.45833587646484,-2.4749832153320312,2.5523464679718026,3650.2,62.5
361,PJUhTLJaf5TZofv8SMZ0Rw,2022-10,46.00186962813385,8.85973461708469,539.6399536132812,83.74358367919922,-2.5603866577148438,2.937511682510376,3660.8,88.7
362,EGk2PnjXeq4u_lFaHknr2g,2022-10,46.00186146599584,8.859864791116516,540.041015625,104.73854827880861,-2.8203582763671875,2.426125288009644,3671.3,106.5
363,ivmJgzTg9SsjEAZuF9CA4w,2022-10,46.00182432855044,8.859984312359554,540.5145874023438,119.9502944946289,-3.4702529907226562,2.266932010650635,3681.6,120.7
364,HDiSDtoxe-E8MScZR_Tfqw,2022-10,46.00177678726793,8.860098256499471,541.0349731445312,121.40894317626949,-3.6538162231445312,1.162775754928589,3691.9,121.2
365,25yWt1DWFHjJ8ufhkIVFfg,2022-10,46.00172975340507,8.86021038597768,541.660400390625,121.31635284423831,-4.210792541503906,359.6252136230469,3696.9,121.2
